Country Name,Country Code,Indicator Name,Indicator Code,2008,2009,2010,2011,2012,2013,2014,2015,2016,2017,2018,2019,2020
Aruba,ABW,Imports of goods and services (current LCU),NE.IMP.GNFS.CN,3842000000.00,3412000000.00,3319000000.00,3824000000.00,3740000000.00,4206000000.00,4208000000.00,3875000000.00,3761000000.00,3919000000.00,,,
Afghanistan,AFG,Imports of goods and services (current LCU),NE.IMP.GNFS.CN,,200000000000.00,264326000000.00,344226000000.00,504970000000.00,556893000000.00,473613000000.00,519743000000.00,497337000000.00,542010000000.00,577539000000.00,561511000000.00,
Angola,AGO,Imports of goods and services (current LCU),NE.IMP.GNFS.CN,3247910000000.00,3552140000000.00,3279400000000.00,4128190000000.00,4383860000000.00,4758760000000.00,4961480000000.00,4622280000000.00,4178050000000.00,4711540000000.00,6545770000000.00,,
Albania,ALB,Imports of goods and services (current LCU),NE.IMP.GNFS.CN,563565000000.00,570300000000.00,602021000000.00,676026000000.00,634054000000.00,633950000000.00,658512000000.00,638749000000.00,674866000000.00,722980000000.00,740384000000.00,758882000000.00,
Andorra,AND,Imports of goods and services (current LCU),NE.IMP.GNFS.CN,,,,,,,,,,,,,
Arab World,ARB,Imports of goods and services (current LCU),NE.IMP.GNFS.CN,,,,,,,,,,,,,
United Arab Emirates,ARE,Imports of goods and services (current LCU),NE.IMP.GNFS.CN,806901000000.00,687271000000.00,655948000000.00,793161000000.00,880477000000.00,927341000000.00,1020550000000.00,977900000000.00,993200000000.00,1067900000000.00,1033940000000.00,1059140000000.00,
Argentina,ARG,Imports of goods and services (current LCU),NE.IMP.GNFS.CN,210865000000.00,180902000000.00,266493000000.00,365138000000.00,376923000000.00,492762000000.00,641132000000.00,701476000000.00,1116300000000.00,1488210000000.00,2398260000000.00,3269950000000.00,
Armenia,ARM,Imports of goods and services (current LCU),NE.IMP.GNFS.CN,1437160000000.00,1338450000000.00,1553440000000.00,1772320000000.00,2064970000000.00,2195680000000.00,2271700000000.00,2111530000000.00,2167280000000.00,2754460000000.00,3212090000000.00,3475670000000.00,
American Samoa,ASM,Imports of goods and services (current LCU),NE.IMP.GNFS.CN,754000000.00,556000000.00,537000000.00,559000000.00,643000000.00,641000000.00,679000000.00,658000000.00,635000000.00,616000000.00,632000000.00,,
Antigua and Barbuda,ATG,Imports of goods and services (current LCU),NE.IMP.GNFS.CN,2570961300.00,1907488200.00,1833110700.00,1731692800.00,1895353900.00,1946127700.00,2005000000.00,1810118500.00,1854094500.00,,,,
Australia,AUS,Imports of goods and services (current LCU),NE.IMP.GNFS.CN,267352000000.00,287226000000.00,271168000000.00,289987000000.00,325825000000.00,326500000000.00,343157000000.00,349444000000.00,357495000000.00,362898000000.00,395645000000.00,419732000000.00,
Austria,AUT,Imports of goods and services (current LCU),NE.IMP.GNFS.CN,143429000000.00,120560000000.00,141313000000.00,158644000000.00,163082000000.00,163980000000.00,166963000000.00,169856000000.00,173711000000.00,187871000000.00,200703000000.00,207327000000.00,
Azerbaijan,AZE,Imports of goods and services (current LCU),NE.IMP.GNFS.CN,9418900000.00,8226900000.00,8782300000.00,12541900000.00,13843800000.00,15278600000.00,15467400000.00,18927900000.00,26375400000.00,29439500000.00,30098800000.00,30111100000.00,
Burundi,BDI,Imports of goods and services (current LCU),NE.IMP.GNFS.CN,701388000000.00,639921000000.00,745312000000.00,964281000000.00,1144380000000.00,1429690000000.00,1429360000000.00,1308220000000.00,1228760000000.00,1478310000000.00,1614000000000.00,1819440000000.00,
Belgium,BEL,Imports of goods and services (current LCU),NE.IMP.GNFS.CN,282126000000.00,230654000000.00,269260000000.00,303768000000.00,310259000000.00,308515000000.00,318301000000.00,318307000000.00,336479000000.00,361188000000.00,380450000000.00,385868000000.00,
Benin,BEN,Imports of goods and services (current LCU),NE.IMP.GNFS.CN,1119040000000.00,1134680000000.00,1337980000000.00,1328710000000.00,1526740000000.00,1955520000000.00,2219510000000.00,2156920000000.00,2198250000000.00,2527590000000.00,2734750000000.00,2871250000000.00,
Burkina Faso,BFA,Imports of goods and services (current LCU),NE.IMP.GNFS.CN,1063780000000.00,1178130000000.00,1428490000000.00,1781950000000.00,2221530000000.00,2454120000000.00,2195560000000.00,2307160000000.00,2431910000000.00,2688070000000.00,2869950000000.00,2993890000000.00,
Bangladesh,BGD,Imports of goods and services (current LCU),NE.IMP.GNFS.CN,1569320000000.00,1632430000000.00,1736940000000.00,2518420000000.00,2949230000000.00,3208140000000.00,3429650000000.00,3751510000000.00,3691790000000.00,4004560000000.00,5276010000000.00,5450080000000.00,
Bulgaria,BGR,Imports of goods and services (current LCU),NE.IMP.GNFS.CN,52603647000.00,36937463000.00,39650028000.00,47399782000.00,52499128000.00,53478383000.00,55182863000.00,56310513000.00,56216752000.00,64421274000.00,69407680000.00,71378295000.00,
Bahrain,BHR,Imports of goods and services (current LCU),NE.IMP.GNFS.CN,6119900000.00,4269100000.00,4924500000.00,8086500000.00,9681700000.00,10652600000.00,9982400000.00,8385500000.00,7929100000.00,8977500000.00,10170300000.00,,
"Bahamas, The",BHS,Imports of goods and services (current LCU),NE.IMP.GNFS.CN,5045700000.00,4225400000.00,4414100000.00,5125700000.00,4944700000.00,4809000000.00,5367100000.00,4454100000.00,4435000000.00,5000200000.00,5127600000.00,,
Bosnia and Herzegovina,BIH,Imports of goods and services (current LCU),NE.IMP.GNFS.CN,15136742000.00,12086332000.00,13005289000.00,14637142000.00,14630847000.00,14510923000.00,15494258000.00,15245750000.00,15639820000.00,17898132000.00,19097357000.00,19519071000.00,
Belarus,BLR,Imports of goods and services (current LCU),NE.IMP.GNFS.CN,8911660000.00,8491260000.00,11002730000.00,24428710000.00,40692500000.00,41235530000.00,44891050000.00,52061430000.00,59533000000.00,70405200000.00,84325600000.00,88295000000.00,
Belize,BLZ,Imports of goods and services (current LCU),NE.IMP.GNFS.CN,1906576000.00,1503360500.00,1615353700.00,1879426400.00,1943329200.00,2103549100.00,2170650200.00,2284426100.00,2187339000.00,2146427400.00,2170888300.00,2180645800.00,
Bermuda,BMU,Imports of goods and services (current LCU),NE.IMP.GNFS.CN,,1771580000.00,1734013000.00,1601009000.00,1586786000.00,1649401000.00,,,,,,,
Bolivia,BOL,Imports of goods and services (current LCU),NE.IMP.GNFS.CN,45815914000.00,40053515000.00,47324645000.00,63814125000.00,70711534000.00,78680000000.00,95696286000.00,84518799000.00,74846642000.00,82422058000.00,86637492000.00,88817119000.00,
Brazil,BRA,Imports of goods and services (current LCU),NE.IMP.GNFS.CN,426776000000.00,375120000000.00,462672000000.00,540566000000.00,637317000000.00,748759000000.00,790183000000.00,842615000000.00,756521000000.00,777137000000.00,999487000000.00,1063440000000.00,
Barbados,BRB,Imports of goods and services (current LCU),NE.IMP.GNFS.CN,5137126900.00,4090756600.00,4480140100.00,4564744100.00,4347500900.00,4293825300.00,4229329500.00,4063219200.00,4070219600.00,4054352700.00,4039220300.00,4342592300.00,
Brunei Darussalam,BRN,Imports of goods and services (current LCU),NE.IMP.GNFS.CN,5632800000.00,5587200000.00,5226000000.00,6998000000.00,8445000000.00,9711000000.00,7418459000.00,6699317950.00,5943509500.00,5962768600.00,7679839600.00,9291058102.00,
Bhutan,BTN,Imports of goods and services (current LCU),NE.IMP.GNFS.CN,31729180000.00,38082000000.00,51278000000.00,59878000000.00,61433000000.00,65625000000.00,70830902800.00,87090026600.00,80933316900.00,84136811900.00,93521615900.00,,
Botswana,BWA,Imports of goods and services (current LCU),NE.IMP.GNFS.CN,38139000000.00,38116000000.00,44532000000.00,56264000000.00,67465000000.00,76385294600.00,80837400000.00,81971300000.00,75391200000.00,64714600000.00,74566200000.00,79939200000.00,
Central African Republic,CAF,Imports of goods and services (current LCU),NE.IMP.GNFS.CN,208341000000.00,210523000000.00,241762000000.00,245264000000.00,275655000000.00,195716000000.00,340731000000.00,361710000000.00,386196000000.00,479931000000.00,579562000000.00,617666000000.00,
Canada,CAN,Imports of goods and services (current LCU),NE.IMP.GNFS.CN,540669000000.00,470749000000.00,517153000000.00,564513000000.00,589137000000.00,606801000000.00,651176000000.00,683019000000.00,685868000000.00,719909000000.00,756913000000.00,767934000000.00,
Central Europe and the Baltics,CEB,Imports of goods and services (current LCU),NE.IMP.GNFS.CN,,,,,,,,,,,,,
Switzerland,CHE,Imports of goods and services (current LCU),NE.IMP.GNFS.CN,312934000000.00,292837000000.00,324425000000.00,354307000000.00,354856000000.00,382087000000.00,341664000000.00,330492000000.00,358720000000.00,364735000000.00,371688000000.00,373144000000.00,
Channel Islands,CHI,Imports of goods and services (current LCU),NE.IMP.GNFS.CN,,,,,,,,,,,,,
Chile,CHL,Imports of goods and services (current LCU),NE.IMP.GNFS.CN,36946200000000.00,28325700000000.00,34922900000000.00,42023400000000.00,44377000000000.00,45187600000000.00,47792300000000.00,47221300000000.00,46689600000000.00,48922700000000.00,55020300000000.00,56678400000000.00,
China,CHN,Imports of goods and services (current LCU),NE.IMP.GNFS.CN,7984310000000.00,7121970000000.00,9697890000000.00,11794800000000.00,12266200000000.00,13131200000000.00,13769100000000.00,12475300000000.00,12920100000000.00,14926800000000.00,16863400000000.00,17107200000000.00,
Cote d'Ivoire,CIV,Imports of goods and services (current LCU),NE.IMP.GNFS.CN,4356440000000.00,4576780000000.00,5339910000000.00,4471500000000.00,6120000000000.00,5961410000000.00,6001450000000.00,6869100000000.00,6514900000000.00,7075570000000.00,7400000000000.00,7607880000000.00,
Cameroon,CMR,Imports of goods and services (current LCU),NE.IMP.GNFS.CN,3893490000000.00,3239540000000.00,3489820000000.00,4291960000000.00,4497540000000.00,4800410000000.00,5204790000000.00,5048510000000.00,4636020000000.00,4595440000000.00,5093200000000.00,5449690000000.00,
"Congo, Dem. Rep.",COD,Imports of goods and services (current LCU),NE.IMP.GNFS.CN,4952130000000.00,5456530000000.00,9697310000000.00,10853900000000.00,10121100000000.00,12327000000000.00,13906900000000.00,11097600000000.00,11993800000000.00,21736400000000.00,28837800000000.00,27462900000000.00,
"Congo, Rep.",COG,Imports of goods and services (current LCU),NE.IMP.GNFS.CN,2496080000000.00,2274270000000.00,3253010000000.00,3936850000000.00,4212770000000.00,4597930000000.00,4924390000000.00,4875140000000.00,4590840000000.00,3300880000000.00,3722510000000.00,2206480000000.00,
Colombia,COL,Imports of goods and services (current LCU),NE.IMP.GNFS.CN,100353000000000.00,93953000000000.00,97516000000000.00,125005000000000.00,133461000000000.00,142106000000000.00,159086000000000.00,182750000000000.00,185588000000000.00,185361000000000.00,203772000000000.00,235847000000000.00,
Comoros,COM,Imports of goods and services (current LCU),NE.IMP.GNFS.CN,85752000000.00,91281000000.00,100785000000.00,108640000000.00,123948000000.00,124849000000.00,125838000000.00,118518000000.00,119112000000.00,132615000000.00,146534000000.00,,
Cabo Verde,CPV,Imports of goods and services (current LCU),NE.IMP.GNFS.CN,84979055600.00,77396431900.00,85591040600.00,95159376400.00,89978231600.00,84312004200.00,93719794100.00,93884248300.00,99406594900.00,116634000000.00,124995000000.00,127565000000.00,
Costa Rica,CRI,Imports of goods and services (current LCU),NE.IMP.GNFS.CN,7714670000000.00,6191540000000.00,6867870000000.00,7820510000000.00,8407860000000.00,8523660000000.00,9472380000000.00,9280250000000.00,9911290000000.00,10969200000000.00,11604800000000.00,11735000000000.00,
Caribbean small states,CSS,Imports of goods and services (current LCU),NE.IMP.GNFS.CN,,,,,,,,,,,,,
Cuba,CUB,Imports of goods and services (current LCU),NE.IMP.GNFS.CN,14806100000.00,9594000000.00,11400000000.00,15079000000.00,14888000000.00,15602000000.00,13865000000.00,12605000000.00,11226000000.00,11309000000.00,12596000000.00,,
Curacao,CUW,Imports of goods and services (current LCU),NE.IMP.GNFS.CN,4933600000.00,4315000000.00,4669700000.00,5238600000.00,5601900000.00,5003000000.00,4824100000.00,,,,,,
Cayman Islands,CYM,Imports of goods and services (current LCU),NE.IMP.GNFS.CN,,,,,,,,,,,,,
Cyprus,CYP,Imports of goods and services (current LCU),NE.IMP.GNFS.CN,11946400000.00,10097600000.00,11397795000.00,11351472000.00,11125051000.00,10757364000.00,11345053000.00,12069080000.00,13031648000.00,14707041000.00,15278300000.00,15693600000.00,
Czech Republic,CZE,Imports of goods and services (current LCU),NE.IMP.GNFS.CN,2457230000000.00,2154200000000.00,2493880000000.00,2721890000000.00,2897450000000.00,2914070000000.00,3286300000000.00,3449160000000.00,3425280000000.00,3644270000000.00,3836860000000.00,3922350000000.00,
Germany,DEU,Imports of goods and services (current LCU),NE.IMP.GNFS.CN,960679000000.00,809752000000.00,956602000000.00,1081440000000.00,1103810000000.00,1114990000000.00,1141720000000.00,1190410000000.00,1211640000000.00,1307600000000.00,1379710000000.00,1412920000000.00,
Djibouti,DJI,Imports of goods and services (current LCU),NE.IMP.GNFS.CN,,,,,,695092000000.00,554944000000.00,529715000000.00,506047000000.00,765271000000.00,744464000000.00,846679000000.00,
Dominica,DMA,Imports of goods and services (current LCU),NE.IMP.GNFS.CN,775769700.00,714057900.00,744106200.00,745162600.00,705389500.00,699721600.00,714093300.00,889929000.00,876255800.00,836874900.00,1190955700.00,1419729800.00,
Denmark,DNK,Imports of goods and services (current LCU),NE.IMP.GNFS.CN,912488000000.00,734132000000.00,789148000000.00,875882000000.00,921170000000.00,930516000000.00,944041000000.00,990281000000.00,985250000000.00,1047140000000.00,1113870000000.00,1140650000000.00,
Dominican Republic,DOM,Imports of goods and services (current LCU),NE.IMP.GNFS.CN,622872000000.00,513544000000.00,660886000000.00,769214000000.00,806605000000.00,825610000000.00,887794000000.00,910710000000.00,965164000000.00,1009340000000.00,1207410000000.00,1336170000000.00,
Algeria,DZA,Imports of goods and services (current LCU),NE.IMP.GNFS.CN,3170700000000.00,3583700000000.00,3768100000000.00,4184800000000.00,4622100000000.00,5061100000000.00,5500500000000.00,6104100000000.00,6139400000000.00,6170500000000.00,6552000000000.00,5979900000000.00,
East Asia & Pacific (excluding high income),EAP,Imports of goods and services (current LCU),NE.IMP.GNFS.CN,,,,,,,,,,,,,
Early-demographic dividend,EAR,Imports of goods and services (current LCU),NE.IMP.GNFS.CN,,,,,,,,,,,,,
East Asia & Pacific,EAS,Imports of goods and services (current LCU),NE.IMP.GNFS.CN,,,,,,,,,,,,,
Europe & Central Asia (excluding high income),ECA,Imports of goods and services (current LCU),NE.IMP.GNFS.CN,,,,,,,,,,,,,
Europe & Central Asia,ECS,Imports of goods and services (current LCU),NE.IMP.GNFS.CN,,,,,,,,,,,,,
Ecuador,ECU,Imports of goods and services (current LCU),NE.IMP.GNFS.CN,20933400000.00,16790125000.00,22541700000.00,26453861000.00,27772113000.00,29459627000.00,30168281000.00,23815449000.00,19004701000.00,22516333000.00,25553987000.00,25086092000.00,
"Egypt, Arab Rep.",EGY,Imports of goods and services (current LCU),NE.IMP.GNFS.CN,346000000000.00,329300000000.00,320800000000.00,338500000000.00,407200000000.00,434500000000.00,483000000000.00,529400000000.00,539200000000.00,1017000000000.00,1303100000000.00,,
Euro area,EMU,Imports of goods and services (current LCU),NE.IMP.GNFS.CN,,,,,,,,,,,,,
Eritrea,ERI,Imports of goods and services (current LCU),NE.IMP.GNFS.CN,5545356700.00,6692349300.00,7598777800.00,9283192100.00,,,,,,,,,
Spain,ESP,Imports of goods and services (current LCU),NE.IMP.GNFS.CN,336850000000.00,255923000000.00,289380000000.00,311238000000.00,303041000000.00,296245000000.00,313601000000.00,329593000000.00,332955000000.00,367144000000.00,389547000000.00,399089000000.00,
Estonia,EST,Imports of goods and services (current LCU),NE.IMP.GNFS.CN,11681966500.00,7899760300.00,10116658000.00,13473253200.00,15148936500.00,15485032100.00,15713005700.00,15164399900.00,15954419900.00,17084695900.00,18418750800.00,19228261200.00,
Ethiopia,ETH,Imports of goods and services (current LCU),NE.IMP.GNFS.CN,,,,162487000000.00,236384000000.00,251301000000.00,308691000000.00,393189000000.00,424750000000.00,430233000000.00,502215000000.00,561512000000.00,
European Union,EUU,Imports of goods and services (current LCU),NE.IMP.GNFS.CN,,,,,,,,,,,,,
Fragile and conflict affected situations,FCS,Imports of goods and services (current LCU),NE.IMP.GNFS.CN,,,,,,,,,,,,,
Finland,FIN,Imports of goods and services (current LCU),NE.IMP.GNFS.CN,80201000000.00,61871000000.00,69707000000.00,78564000000.00,81143000000.00,79841000000.00,77858000000.00,76047000000.00,78498000000.00,84826000000.00,92499000000.00,94807000000.00,
Fiji,FJI,Imports of goods and services (current LCU),NE.IMP.GNFS.CN,,,,,,,,,,,,,
France,FRA,Imports of goods and services (current LCU),NE.IMP.GNFS.CN,583323000000.00,496245000000.00,560267000000.00,625111000000.00,637065000000.00,643611000000.00,662388000000.00,685011000000.00,689287000000.00,735421000000.00,773362000000.00,794444000000.00,
Faroe Islands,FRO,Imports of goods and services (current LCU),NE.IMP.GNFS.CN,6768100000.00,5820200000.00,6177400000.00,7206500000.00,8583000000.00,8407600000.00,8219600000.00,8537200000.00,,,,,
"Micronesia, Fed. Sts.",FSM,Imports of goods and services (current LCU),NE.IMP.GNFS.CN,226222700.00,243611500.00,243860300.00,255859900.00,266613200.00,262856300.00,236361400.00,247594700.00,242489900.00,260565500.00,262770200.00,,
Gabon,GAB,Imports of goods and services (current LCU),NE.IMP.GNFS.CN,1861150000000.00,1785030000000.00,2239700000000.00,2467550000000.00,2752020000000.00,2892000000000.00,2606570000000.00,2373980000000.00,2168910000000.00,2153530000000.00,2014870000000.00,2104360000000.00,
United Kingdom,GBR,Imports of goods and services (current LCU),NE.IMP.GNFS.CN,463317000000.00,432989000000.00,484926000000.00,524572000000.00,533342000000.00,556539000000.00,556659000000.00,556507000000.00,599822000000.00,654212000000.00,686265000000.00,724521000000.00,
Georgia,GEO,Imports of goods and services (current LCU),NE.IMP.GNFS.CN,11070100000.00,8749800000.00,10898700000.00,13467800000.00,15091000000.00,15406000000.00,17691000000.00,19650600000.00,20077500000.00,23443000000.00,27293500000.00,31437100000.00,
Ghana,GHA,Imports of goods and services (current LCU),NE.IMP.GNFS.CN,13424879400.00,15481832700.00,21133829400.00,29524645300.00,39773153400.00,44338219500.00,56498899700.00,78703770200.00,80604414400.00,98536656000.00,109459000000.00,123721000000.00,
Gibraltar,GIB,Imports of goods and services (current LCU),NE.IMP.GNFS.CN,,,,,,,,,,,,,
Guinea,GIN,Imports of goods and services (current LCU),NE.IMP.GNFS.CN,13634000000000.00,15253400000000.00,16955300000000.00,24102300000000.00,28566300000000.00,31221300000000.00,30838000000000.00,33537200000000.00,62311600000000.00,64427000000000.00,84872000000000.00,82930800000000.00,
"Gambia, The",GMB,Imports of goods and services (current LCU),NE.IMP.GNFS.CN,8531000000.00,10058000000.00,11389000000.00,10707000000.00,12645000000.00,13319000000.00,16877000000.00,19124000000.00,20380000000.00,27349000000.00,32637000000.00,39142563220.00,
Guinea-Bissau,GNB,Imports of goods and services (current LCU),NE.IMP.GNFS.CN,126967000000.00,137510000000.00,148124000000.00,160395000000.00,129794000000.00,133419000000.00,163479000000.00,199790000000.00,218717000000.00,259289000000.00,262993000000.00,262993000000.00,
Equatorial Guinea,GNQ,Imports of goods and services (current LCU),NE.IMP.GNFS.CN,3490210000000.00,3396810000000.00,4755370000000.00,3953590000000.00,5117490000000.00,4253820000000.00,4128500000000.00,3291190000000.00,2743680000000.00,3086390000000.00,3370770000000.00,3375560000000.00,
Greece,GRC,Imports of goods and services (current LCU),NE.IMP.GNFS.CN,87039458200.00,68318773300.00,69452440500.00,66889381900.00,63353068100.00,59915280500.00,62130315100.00,55839732400.00,54317310200.00,61292289800.00,67218147700.00,69728155800.00,
Grenada,GRD,Imports of goods and services (current LCU),NE.IMP.GNFS.CN,1219679600.00,974645000.00,1024836800.00,1067837800.00,1068347600.00,1145564500.00,1330901600.00,1369111800.00,1427467300.00,1616514000.00,1766628300.00,1840372400.00,
Greenland,GRL,Imports of goods and services (current LCU),NE.IMP.GNFS.CN,8968700000.00,7463100000.00,10757900000.00,13338400000.00,9593900000.00,8777900000.00,7754700000.00,7653900000.00,8213900000.00,8207200000.00,8675100000.00,,
Guatemala,GTM,Imports of goods and services (current LCU),NE.IMP.GNFS.CN,116594000000.00,102031000000.00,120943000000.00,138605000000.00,142549000000.00,144431000000.00,149134000000.00,143109000000.00,138651000000.00,145326000000.00,159095000000.00,166318000000.00,
Guam,GUM,Imports of goods and services (current LCU),NE.IMP.GNFS.CN,2673000000.00,2639000000.00,2719000000.00,2949000000.00,3037000000.00,3206000000.00,3283000000.00,3042000000.00,2976000000.00,3026000000.00,3178000000.00,,
Guyana,GUY,Imports of goods and services (current LCU),NE.IMP.GNFS.CN,334913000000.00,307404000000.00,287537000000.00,359341000000.00,408065000000.00,385102000000.00,369897000000.00,308016000000.00,298979000000.00,339480000000.00,379654000000.00,411146000000.00,
High income,HIC,Imports of goods and services (current LCU),NE.IMP.GNFS.CN,,,,,,,,,,,,,
"Hong Kong SAR, China",HKG,Imports of goods and services (current LCU),NE.IMP.GNFS.CN,3128830000000.00,2825070000000.00,3542860000000.00,4043000000000.00,4373950000000.00,4725870000000.00,4811220000000.00,4640870000000.00,4600690000000.00,4997230000000.00,5346290000000.00,5034360000000.00,
Honduras,HND,Imports of goods and services (current LCU),NE.IMP.GNFS.CN,221542000000.00,158143000000.00,190594000000.00,237733000000.00,253975000000.00,257420000000.00,271222000000.00,285901000000.00,283179000000.00,319082000000.00,349134000000.00,346688000000.00,
Heavily indebted poor countries (HIPC),HPC,Imports of goods and services (current LCU),NE.IMP.GNFS.CN,,,,,,,,,,,,,
Croatia,HRV,Imports of goods and services (current LCU),NE.IMP.GNFS.CN,161705000000.00,126613000000.00,124501000000.00,136171000000.00,136262000000.00,141057000000.00,144734000000.00,156804000000.00,163349000000.00,181048000000.00,196633000000.00,206871000000.00,
Haiti,HTI,Imports of goods and services (current LCU),NE.IMP.GNFS.CN,110739000000.00,114048000000.00,172849000000.00,178605000000.00,174400000000.00,190609000000.00,206520000000.00,214128000000.00,253214000000.00,311769000000.00,369449000000.00,410857000000.00,
Hungary,HUN,Imports of goods and services (current LCU),NE.IMP.GNFS.CN,21479800000000.00,18618300000000.00,20848100000000.00,22829500000000.00,22948000000000.00,23806000000000.00,26505800000000.00,27825300000000.00,28144100000000.00,31011600000000.00,34370500000000.00,37266800000000.00,
IBRD only,IBD,Imports of goods and services (current LCU),NE.IMP.GNFS.CN,,,,,,,,,,,,,
IDA & IBRD total,IBT,Imports of goods and services (current LCU),NE.IMP.GNFS.CN,,,,,,,,,,,,,
IDA total,IDA,Imports of goods and services (current LCU),NE.IMP.GNFS.CN,,,,,,,,,,,,,
IDA blend,IDB,Imports of goods and services (current LCU),NE.IMP.GNFS.CN,,,,,,,,,,,,,
Indonesia,IDN,Imports of goods and services (current LCU),NE.IMP.GNFS.CN,1422900000000000.00,1197090000000000.00,1537720000000000.00,1868070000000000.00,2152940000000000.00,2359210000000000.00,2580510000000000.00,2394880000000000.00,2273530000000000.00,2606280000000000.00,3268840000000000.00,2991960000000000.00,
IDA only,IDX,Imports of goods and services (current LCU),NE.IMP.GNFS.CN,,,,,,,,,,,,,
Isle of Man,IMN,Imports of goods and services (current LCU),NE.IMP.GNFS.CN,,,,,,,,,,,,,
India,IND,Imports of goods and services (current LCU),NE.IMP.GNFS.CN,16140400000000.00,16471400000000.00,20501800000000.00,27155500000000.00,31084300000000.00,31918100000000.00,32359600000000.00,30449200000000.00,32205900000000.00,37513900000000.00,44681700000000.00,43534900000000.00,
Not classified,INX,Imports of goods and services (current LCU),NE.IMP.GNFS.CN,,,,,,,,,,,,,
Ireland,IRL,Imports of goods and services (current LCU),NE.IMP.GNFS.CN,141785000000.00,135676000000.00,144925000000.00,145143000000.00,152399000000.00,152456000000.00,179164000000.00,244886000000.00,285882000000.00,294028000000.00,288993000000.00,390338000000.00,
"Iran, Islamic Rep.",IRN,Imports of goods and services (current LCU),NE.IMP.GNFS.CN,841781000000000.00,862079000000000.00,975487000000000.00,1123090000000000.00,1706580000000000.00,2329470000000000.00,2472060000000000.00,2199960000000000.00,2736830000000000.00,3651230000000000.00,,,
Iraq,IRQ,Imports of goods and services (current LCU),NE.IMP.GNFS.CN,48249800000000.00,51326100000000.00,55232700000000.00,60316500000000.00,73980300000000.00,98527000000000.00,101092000000000.00,85817600000000.00,82519400000000.00,82339300000000.00,95276800000000.00,108730000000000.00,
Iceland,ISL,Imports of goods and services (current LCU),NE.IMP.GNFS.CN,673804000000.00,648288000000.00,704328000000.00,827133000000.00,907056000000.00,897464000000.00,942907000000.00,1024730000000.00,1031090000000.00,1097880000000.00,1240420000000.00,1203940000000.00,
Israel,ISR,Imports of goods and services (current LCU),NE.IMP.GNFS.CN,303259000000.00,250418000000.00,287389000000.00,332354000000.00,357129000000.00,336883000000.00,338938000000.00,328366000000.00,344372000000.00,349951000000.00,386126000000.00,,
Italy,ITA,Imports of goods and services (current LCU),NE.IMP.GNFS.CN,452498000000.00,363078000000.00,433952000000.00,466154000000.00,443052000000.00,423095000000.00,426597000000.00,442016000000.00,441578000000.00,483996000000.00,513245000000.00,510087000000.00,
Jamaica,JAM,Imports of goods and services (current LCU),NE.IMP.GNFS.CN,714510000000.00,558285000000.00,571608000000.00,663195000000.00,681458000000.00,754481000000.00,824708000000.00,766702000000.00,786130000000.00,926208000000.00,1034180000000.00,1120470000000.00,
Jordan,JOR,Imports of goods and services (current LCU),NE.IMP.GNFS.CN,13646000000.00,11685600000.00,12951400000.00,15123800000.00,16312600000.00,17162200000.00,17739400000.00,16112900000.00,15416900000.00,16288000000.00,16359000000.00,15648400000.00,
Japan,JPN,Imports of goods and services (current LCU),NE.IMP.GNFS.CN,88391400000000.00,58593200000000.00,67929300000000.00,76011100000000.00,79645400000000.00,91739600000000.00,102803000000000.00,95797200000000.00,81805500000000.00,91828600000000.00,100078000000000.00,,
Kazakhstan,KAZ,Imports of goods and services (current LCU),NE.IMP.GNFS.CN,5963410000000.00,5770290000000.00,6521550000000.00,7527680000000.00,9184860000000.00,9644340000000.00,10169000000000.00,10030100000000.00,13371600000000.00,13283500000000.00,16013000000000.00,19232900000000.00,
Kenya,KEN,Imports of goods and services (current LCU),NE.IMP.GNFS.CN,866700000000.00,882904000000.00,1063940000000.00,1446500000000.00,1514390000000.00,1575730000000.00,1782950000000.00,1734750000000.00,1641480000000.00,1973100000000.00,2042980000000.00,2081480000000.00,
Kyrgyz Republic,KGZ,Imports of goods and services (current LCU),NE.IMP.GNFS.CN,174000000000.00,158324000000.00,179994000000.00,233485000000.00,295791000000.00,326078000000.00,351319000000.00,326190000000.00,333423000000.00,352048000000.00,383048000000.00,387657000000.00,
Cambodia,KHM,Imports of goods and services (current LCU),NE.IMP.GNFS.CN,28444900000000.00,24076300000000.00,28003400000000.00,30981400000000.00,35543700000000.00,41492900000000.00,45188600000000.00,48565900000000.00,53350300000000.00,57586600000000.00,63014400000000.00,68720500000000.00,
Kiribati,KIR,Imports of goods and services (current LCU),NE.IMP.GNFS.CN,142548000.00,150077000.00,133714000.00,152489000.00,166661000.00,179967000.00,204761000.00,244609000.00,262891000.00,253882000.00,233723000.00,,
St. Kitts and Nevis,KNA,Imports of goods and services (current LCU),NE.IMP.GNFS.CN,1179907100.00,991942300.00,991783400.00,1010546200.00,950133600.00,1025869600.00,1364000000.00,1421000000.00,1500000000.00,1464000000.00,1569000000.00,1674000000.00,
"Korea, Rep.",KOR,Imports of goods and services (current LCU),NE.IMP.GNFS.CN,552575000000000.00,493569000000000.00,585862000000000.00,725422000000000.00,739703000000000.00,700283000000000.00,668668000000000.00,599257000000000.00,582659000000000.00,664279000000000.00,701151000000000.00,705938000000000.00,
Kuwait,KWT,Imports of goods and services (current LCU),NE.IMP.GNFS.CN,10271000000.00,8959000000.00,10041000000.00,11010000000.00,12804000000.00,13210000000.00,14594000000.00,15490000000.00,16041000000.00,17077000000.00,18590000000.00,,
Latin America & Caribbean (excluding high income),LAC,Imports of goods and services (current LCU),NE.IMP.GNFS.CN,,,,,,,,,,,,,
Lao PDR,LAO,Imports of goods and services (current LCU),NE.IMP.GNFS.CN,23180200000000.00,23270900000000.00,29042700000000.00,36080800000000.00,49217600000000.00,56326200000000.00,62268400000000.00,60790500000000.00,54145200000000.00,,,,
Lebanon,LBN,Imports of goods and services (current LCU),NE.IMP.GNFS.CN,29884900000000.00,30525800000000.00,34815100000000.00,39591100000000.00,39638200000000.00,42069200000000.00,40646200000000.00,36655300000000.00,35466100000000.00,37194500000000.00,39299900000000.00,33747700000000.00,
Liberia,LBR,Imports of goods and services (current LCU),NE.IMP.GNFS.CN,2498014000.00,1678663000.00,1850843000.00,2265159000.00,2428596000.00,2957004000.00,3412388000.00,3385051000.00,3286342000.00,3242931000.00,3079000000.00,3031428800.00,
Libya,LBY,Imports of goods and services (current LCU),NE.IMP.GNFS.CN,30902000000.00,33832000000.00,39876000000.00,19027000000.00,41058000000.00,54001700000.00,48100900000.00,28564500000.00,16054400000.00,21009300000.00,25724800000.00,38947482000.00,
St. Lucia,LCA,Imports of goods and services (current LCU),NE.IMP.GNFS.CN,,,,,,,,,,,,,
Latin America & Caribbean,LCN,Imports of goods and services (current LCU),NE.IMP.GNFS.CN,,,,,,,,,,,,,
Least developed countries: UN classification,LDC,Imports of goods and services (current LCU),NE.IMP.GNFS.CN,,,,,,,,,,,,,
Low income,LIC,Imports of goods and services (current LCU),NE.IMP.GNFS.CN,,,,,,,,,,,,,
Liechtenstein,LIE,Imports of goods and services (current LCU),NE.IMP.GNFS.CN,,,,,,,,,,,,,
Sri Lanka,LKA,Imports of goods and services (current LCU),NE.IMP.GNFS.CN,1699330000000.00,1345220000000.00,1719610000000.00,2460830000000.00,2766060000000.00,2775710000000.00,3021530000000.00,3125930000000.00,3414340000000.00,3872520000000.00,4354290000000.00,4391750000000.00,
Lower middle income,LMC,Imports of goods and services (current LCU),NE.IMP.GNFS.CN,,,,,,,,,,,,,
Low & middle income,LMY,Imports of goods and services (current LCU),NE.IMP.GNFS.CN,,,,,,,,,,,,,
Lesotho,LSO,Imports of goods and services (current LCU),NE.IMP.GNFS.CN,15794896500.00,16836410200.00,17662693359.00,19114593750.00,22058601563.00,21725164063.00,23350800781.00,26142269531.00,28158730469.00,28910371094.00,31813212891.00,32349241918.00,
Late-demographic dividend,LTE,Imports of goods and services (current LCU),NE.IMP.GNFS.CN,,,,,,,,,,,,,
Lithuania,LTU,Imports of goods and services (current LCU),NE.IMP.GNFS.CN,22465749500.00,14442284500.00,18486918400.00,23665197400.00,25931810400.00,27056909100.00,25771978500.00,26057840000.00,25980760000.00,30105150000.00,33350300000.00,35110260000.00,
Luxembourg,LUX,Imports of goods and services (current LCU),NE.IMP.GNFS.CN,59652145000.00,48773246000.00,56907174000.00,62787273000.00,68558010000.00,73754513000.00,89782307000.00,97449191000.00,97458915000.00,103662000000.00,105420000000.00,109733000000.00,
Latvia,LVA,Imports of goods and services (current LCU),NE.IMP.GNFS.CN,12774429000.00,8325785000.00,9889456000.00,12749027000.00,14391172000.00,14550131000.00,14958441000.00,15053431000.00,14897966000.00,16606699000.00,17924730000.00,18231906000.00,
"Macao SAR, China",MAC,Imports of goods and services (current LCU),NE.IMP.GNFS.CN,79113000000.00,60405000000.00,73488000000.00,96164000000.00,113672000000.00,125219000000.00,139812000000.00,140309000000.00,125101000000.00,135772000000.00,147678000000.00,145342000000.00,
St. Martin (French part),MAF,Imports of goods and services (current LCU),NE.IMP.GNFS.CN,,,,,,,,,,,,,
Morocco,MAR,Imports of goods and services (current LCU),NE.IMP.GNFS.CN,357981000000.00,298734000000.00,337503000000.00,399597000000.00,425597000000.00,424205000000.00,436221000000.00,418871000000.00,461111000000.00,497243000000.00,545170000000.00,551756000000.00,
Monaco,MCO,Imports of goods and services (current LCU),NE.IMP.GNFS.CN,,,,,,,,,,,,,
Moldova,MDA,Imports of goods and services (current LCU),NE.IMP.GNFS.CN,58896787000.00,44410590000.00,51858610000.00,65266249000.00,68745190000.00,76016551000.00,82743360000.00,83713935000.00,88975553000.00,97558829000.00,107280000000.00,116076000000.00,
Madagascar,MDG,Imports of goods and services (current LCU),NE.IMP.GNFS.CN,8547480000000.00,7908040000000.00,7510920000000.00,7898550000000.00,7846010000000.00,9074010000000.00,10187300000000.00,10904800000000.00,11947000000000.00,14141000000000.00,15620900000000.00,16999000000000.00,
Maldives,MDV,Imports of goods and services (current LCU),NE.IMP.GNFS.CN,26585152100.00,18944408900.00,21673001500.00,33517917400.00,32979701300.00,36873281400.00,42359917400.00,42552121494.00,49151645484.00,53875717207.00,63065147042.00,61196892796.00,
Middle East & North Africa,MEA,Imports of goods and services (current LCU),NE.IMP.GNFS.CN,,,,,,,,,,,,,
Mexico,MEX,Imports of goods and services (current LCU),NE.IMP.GNFS.CN,3715490000000.00,3504430000000.00,4151950000000.00,4756480000000.00,5299210000000.00,5283450000000.00,5778780000000.00,6790390000000.00,7853560000000.00,8656140000000.00,9668870000000.00,9481080000000.00,
Marshall Islands,MHL,Imports of goods and services (current LCU),NE.IMP.GNFS.CN,135985600.00,152343400.00,177816700.00,174721700.00,182491200.00,200328200.00,181217100.00,168548700.00,155988000.00,178274800.00,188707000.00,,
Middle income,MIC,Imports of goods and services (current LCU),NE.IMP.GNFS.CN,,,,,,,,,,,,,
North Macedonia,MKD,Imports of goods and services (current LCU),NE.IMP.GNFS.CN,283559000000.00,225435000000.00,254031000000.00,306677000000.00,311947000000.00,308466000000.00,342301000000.00,363099000000.00,389719000000.00,426441000000.00,481380000000.00,527238000000.00,
Mali,MLI,Imports of goods and services (current LCU),NE.IMP.GNFS.CN,1681970000000.00,1386150000000.00,1858960000000.00,1909890000000.00,1986020000000.00,2608190000000.00,2701160000000.00,3067770000000.00,3351400000000.00,3199000000000.00,3377700000000.00,3505940000000.00,
Malta,MLT,Imports of goods and services (current LCU),NE.IMP.GNFS.CN,9114900000.00,9161200000.00,10174200000.00,10811382100.00,11512178600.00,11522092500.00,11614533600.00,13921263600.00,14292071900.00,14495928803.00,15314204298.00,15904540277.00,
Myanmar,MMR,Imports of goods and services (current LCU),NE.IMP.GNFS.CN,19454000000.00,21931100000.00,6002290000000.00,46725400000.00,5580210000000.00,10990700000000.00,14467600000000.00,22962300000000.00,29010100000000.00,31631000000000.00,31892500000000.00,,
Middle East & North Africa (excluding high income),MNA,Imports of goods and services (current LCU),NE.IMP.GNFS.CN,,,,,,,,,,,,,
Montenegro,MNE,Imports of goods and services (current LCU),NE.IMP.GNFS.CN,2880529000.00,1948845000.00,1960554000.00,2099581000.00,2166381000.00,2065524000.00,2074197000.00,2213571000.00,2494011000.00,2772904000.00,3111907000.00,3208596000.00,
Mongolia,MNG,Imports of goods and services (current LCU),NE.IMP.GNFS.CN,4404100000000.00,3791970000000.00,5529160000000.00,9807300000000.00,11017100000000.00,11777200000000.00,12685700000000.00,10334700000000.00,10872600000000.00,16009000000000.00,20751900000000.00,23769300000000.00,
Northern Mariana Islands,MNP,Imports of goods and services (current LCU),NE.IMP.GNFS.CN,459000000.00,360000000.00,405000000.00,449000000.00,478000000.00,525000000.00,561000000.00,633000000.00,902000000.00,831000000.00,726000000.00,,
Mozambique,MOZ,Imports of goods and services (current LCU),NE.IMP.GNFS.CN,109420000000.00,123939000000.00,159383000000.00,209571000000.00,338605000000.00,390435000000.00,445364000000.00,400708000000.00,542646000000.00,513896000000.00,747750000000.00,692635000000.00,
Mauritania,MRT,Imports of goods and services (current LCU),NE.IMP.GNFS.CN,65131540900.00,55369376300.00,74048010100.00,91855011300.00,124786000000.00,123470000000.00,108211000000.00,114673000000.00,106795000000.00,127956000000.00,144072000000.00,145925000000.00,
Mauritius,MUS,Imports of goods and services (current LCU),NE.IMP.GNFS.CN,183113000000.00,165579000000.00,191609000000.00,215234000000.00,230401000000.00,229219000000.00,232464000000.00,234243000000.00,233622000000.00,251066000000.00,261493000000.00,269796000000.00,
Malawi,MWI,Imports of goods and services (current LCU),NE.IMP.GNFS.CN,293923000000.00,276654000000.00,365106000000.00,350904000000.00,625895000000.00,856925000000.00,1018240000000.00,1138470000000.00,1753120000000.00,1664810000000.00,1930230000000.00,2035710000000.00,
Malaysia,MYS,Imports of goods and services (current LCU),NE.IMP.GNFS.CN,594160000000.00,507142000000.00,583337000000.00,635316000000.00,665714000000.00,683408000000.00,713863000000.00,728778000000.00,751363000000.00,866524000000.00,893403000000.00,872469000000.00,
North America,NAC,Imports of goods and services (current LCU),NE.IMP.GNFS.CN,,,,,,,,,,,,,
Namibia,NAM,Imports of goods and services (current LCU),NE.IMP.GNFS.CN,46871012700.00,55004730200.00,50101534800.00,51789324400.00,64283874500.00,70715645000.00,86380037100.00,90028005900.00,93656658200.00,81665374500.00,82624002000.00,85167149400.00,
New Caledonia,NCL,Imports of goods and services (current LCU),NE.IMP.GNFS.CN,,,,,,,,,,,,,
Niger,NER,Imports of goods and services (current LCU),NE.IMP.GNFS.CN,863504000000.00,1194080000000.00,1389240000000.00,1445200000000.00,1395060000000.00,1480490000000.00,1598140000000.00,1743890000000.00,1497760000000.00,1705800000000.00,1871090000000.00,2119150000000.00,
Nigeria,NGA,Imports of goods and services (current LCU),NE.IMP.GNFS.CN,6043780000000.00,7574620000000.00,9644610000000.00,13675600000000.00,9395400000000.00,10530400000000.00,11222100000000.00,10152000000000.00,11800700000000.00,15139200000000.00,22604300000000.00,,
Nicaragua,NIC,Imports of goods and services (current LCU),NE.IMP.GNFS.CN,102586000000.00,89479000000.00,112039000000.00,146437000000.00,167912000000.00,178585000000.00,190254000000.00,202054000000.00,208884000000.00,228025000000.00,212165000000.00,207227000000.00,
Netherlands,NLD,Imports of goods and services (current LCU),NE.IMP.GNFS.CN,396514000000.00,341492000000.00,394496000000.00,435537000000.00,455542000000.00,460137000000.00,466572000000.00,518594000000.00,491044000000.00,536163000000.00,567613000000.00,583041000000.00,
Norway,NOR,Imports of goods and services (current LCU),NE.IMP.GNFS.CN,755343000000.00,675582000000.00,738305000000.00,793106000000.00,816151000000.00,870675000000.00,931783000000.00,997358000000.00,1037270000000.00,1081920000000.00,1152210000000.00,1249250000000.00,
Nepal,NPL,Imports of goods and services (current LCU),NE.IMP.GNFS.CN,271291000000.00,342536000000.00,434198000000.00,450059000000.00,512948000000.00,634899000000.00,800552000000.00,883444000000.00,885111000000.00,1133320000000.00,1406070000000.00,1599960000000.00,
Nauru,NRU,Imports of goods and services (current LCU),NE.IMP.GNFS.CN,31000000.00,37000000.00,26000000.00,45000000.00,51000000.00,72000000.00,106000000.00,131000000.00,131000000.00,119000000.00,127000000.00,131000000.00,
New Zealand,NZL,Imports of goods and services (current LCU),NE.IMP.GNFS.CN,61235000000.00,51320000000.00,56891000000.00,61448000000.00,61253000000.00,63328000000.00,65774000000.00,68415000000.00,69407000000.00,76228000000.00,84022000000.00,,
OECD members,OED,Imports of goods and services (current LCU),NE.IMP.GNFS.CN,,,,,,,,,,,,,
Oman,OMN,Imports of goods and services (current LCU),NE.IMP.GNFS.CN,8707000000.00,6446000000.00,9292000000.00,11241000000.00,13226000000.00,16084000000.00,14556000000.00,14141000000.00,12000000000.00,13442000000.00,13572000000.00,12587100000.00,
Other small states,OSS,Imports of goods and services (current LCU),NE.IMP.GNFS.CN,,,,,,,,,,,,,
Pakistan,PAK,Imports of goods and services (current LCU),NE.IMP.GNFS.CN,2469230000000.00,2597190000000.00,2877160000000.00,3467630000000.00,4091260000000.00,4489770000000.00,4696160000000.00,4679110000000.00,4698770000000.00,5616890000000.00,6947960000000.00,7715670000000.00,
Panama,PAN,Imports of goods and services (current LCU),NE.IMP.GNFS.CN,22290430500.00,18755578500.00,23031700000.00,29225600000.00,33503000000.00,33047400000.00,31816500000.00,28263800000.00,26310600000.00,28549400000.00,30511700000.00,,
Peru,PER,Imports of goods and services (current LCU),NE.IMP.GNFS.CN,101252000000.00,78866000000.00,99389000000.00,120559000000.00,127898000000.00,135774000000.00,138213000000.00,144307000000.00,147594000000.00,156818000000.00,171767000000.00,173645000000.00,
Philippines,PHL,Imports of goods and services (current LCU),NE.IMP.GNFS.CN,2763170000000.00,2573100000000.00,3123390000000.00,3214880000000.00,3359650000000.00,3572680000000.00,3977060000000.00,4452860000000.00,5311930000000.00,6393530000000.00,7662210000000.00,7858660000000.00,
Palau,PLW,Imports of goods and services (current LCU),NE.IMP.GNFS.CN,160477100.00,132386800.00,140827300.00,166699300.00,190593400.00,195486100.00,222349300.00,212070800.00,213600900.00,221479400.00,216697300.00,,
Papua New Guinea,PNG,Imports of goods and services (current LCU),NE.IMP.GNFS.CN,,,,,,,,,,,,,
Poland,POL,Imports of goods and services (current LCU),NE.IMP.GNFS.CN,551691000000.00,522008000000.00,607794000000.00,697543000000.00,731349000000.00,735198000000.00,793600000000.00,835394000000.00,896277000000.00,997760000000.00,1103180000000.00,1147970000000.00,
Pre-demographic dividend,PRE,Imports of goods and services (current LCU),NE.IMP.GNFS.CN,,,,,,,,,,,,,
Puerto Rico,PRI,Imports of goods and services (current LCU),NE.IMP.GNFS.CN,44928300000.00,40651000000.00,40810100000.00,44662200000.00,46576200000.00,45100900000.00,42579500000.00,43065224800.00,43316700000.00,45938300000.00,46462500000.00,,
"Korea, Dem. People?s Rep.",PRK,Imports of goods and services (current LCU),NE.IMP.GNFS.CN,,,,,,,,,,,,,
Portugal,PRT,Imports of goods and services (current LCU),NE.IMP.GNFS.CN,73100198000.00,59990581000.00,67738385000.00,68051806000.00,64411467000.00,65653043000.00,69336280000.00,71662022000.00,72849272000.00,81739132000.00,88445404000.00,92981476000.00,
Paraguay,PRY,Imports of goods and services (current LCU),NE.IMP.GNFS.CN,38931300000000.00,34566000000000.00,48402400000000.00,52615600000000.00,52553500000000.00,55788900000000.00,58975000000000.00,59317800000000.00,61349900000000.00,70794800000000.00,80447600000000.00,82091000000000.00,
West Bank and Gaza,PSE,Imports of goods and services (current LCU),NE.IMP.GNFS.CN,4645300000.00,4943200000.00,5264300000.00,5723200000.00,6299900000.00,6804000000.00,7208900000.00,7537600000.00,7626700000.00,8066700000.00,8730900000.00,,
Pacific island small states,PSS,Imports of goods and services (current LCU),NE.IMP.GNFS.CN,,,,,,,,,,,,,
Post-demographic dividend,PST,Imports of goods and services (current LCU),NE.IMP.GNFS.CN,,,,,,,,,,,,,
French Polynesia,PYF,Imports of goods and services (current LCU),NE.IMP.GNFS.CN,,,,,,,,,,,,,
Qatar,QAT,Imports of goods and services (current LCU),NE.IMP.GNFS.CN,117779000000.00,103269000000.00,108171000000.00,159405000000.00,199084000000.00,214590000000.00,232976000000.00,215748000000.00,231050000000.00,226381000000.00,239552000000.00,243042000000.00,
Romania,ROU,Imports of goods and services (current LCU),NE.IMP.GNFS.CN,210641000000.00,172271000000.00,205155000000.00,239580000000.00,252540000000.00,258322000000.00,278160000000.00,296718000000.00,322217000000.00,373992000000.00,424644000000.00,468524000000.00,
Russian Federation,RUS,Imports of goods and services (current LCU),NE.IMP.GNFS.CN,9111000000000.00,7954300000000.00,9789600000000.00,12010800000000.00,13786900000000.00,14919600000000.00,16351500000000.00,17162500000000.00,17691400000000.00,19090200000000.00,21570800000000.00,22846700000000.00,
Rwanda,RWA,Imports of goods and services (current LCU),NE.IMP.GNFS.CN,792803000000.00,907109000000.00,1009650000000.00,1191750000000.00,1432150000000.00,1573710000000.00,1311490000000.00,1603490000000.00,1736170000000.00,2420600000000.00,2519340000000.00,3153560000000.00,
South Asia,SAS,Imports of goods and services (current LCU),NE.IMP.GNFS.CN,,,,,,,,,,,,,
Saudi Arabia,SAU,Imports of goods and services (current LCU),NE.IMP.GNFS.CN,662568000000.00,607759000000.00,653261000000.00,742414000000.00,807023000000.00,862128000000.00,957686000000.00,950830000000.00,742913000000.00,757672000000.00,786453000000.00,777077000000.00,
Sudan,SDN,Imports of goods and services (current LCU),NE.IMP.GNFS.CN,22326457300.00,24462887000.00,26411400000.00,31430900000.00,37733400000.00,51036400000.00,53302100000.00,63648400000.00,74358100000.00,97171000000.00,122914000000.00,161095000000.00,
Senegal,SEN,Imports of goods and services (current LCU),NE.IMP.GNFS.CN,3142870000000.00,2490270000000.00,2577780000000.00,3029550000000.00,3549280000000.00,3564120000000.00,3583940000000.00,3723550000000.00,3672440000000.00,4361640000000.00,4840000000000.00,5210030000000.00,
Singapore,SGP,Imports of goods and services (current LCU),NE.IMP.GNFS.CN,570711000000.00,472581000000.00,561381000000.00,617603000000.00,636105000000.00,661838000000.00,672282000000.00,639768000000.00,611269000000.00,685965000000.00,751346000000.00,739177000000.00,
Solomon Islands,SLB,Imports of goods and services (current LCU),NE.IMP.GNFS.CN,3167136000.00,2773440000.00,4458067000.00,4964476000.00,4786764200.00,5171347200.00,5292179900.00,4872672600.00,,,,,
Sierra Leone,SLE,Imports of goods and services (current LCU),NE.IMP.GNFS.CN,1919380000000.00,2321000000000.00,3536400000000.00,8248090000000.00,9970170000000.00,12540200000000.00,11895100000000.00,10158900000000.00,12597700000000.00,13264400000000.00,12710700000000.00,,
El Salvador,SLV,Imports of goods and services (current LCU),NE.IMP.GNFS.CN,9699500000.00,7413800000.00,8595000000.00,10201710000.00,10495790000.00,11155200000.00,10969480000.00,11033350000.00,10731450000.00,11309300000.00,12638950000.00,12872830000.00,
San Marino,SMR,Imports of goods and services (current LCU),NE.IMP.GNFS.CN,,,,,,,,1279300507.00,1326532028.00,1353143902.00,,,
Somalia,SOM,Imports of goods and services (current LCU),NE.IMP.GNFS.CN,,,,,,,,,,,,,
Serbia,SRB,Imports of goods and services (current LCU),NE.IMP.GNFS.CN,1461100000000.00,1210910000000.00,1445710000000.00,1654680000000.00,1890780000000.00,1981010000000.00,2086680000000.00,2253250000000.00,2415480000000.00,2716270000000.00,3005310000000.00,3284210000000.00,
Sub-Saharan Africa (excluding high income),SSA,Imports of goods and services (current LCU),NE.IMP.GNFS.CN,,,,,,,,,,,,,
South Sudan,SSD,Imports of goods and services (current LCU),NE.IMP.GNFS.CN,9529289300.00,9752922300.00,9931630900.00,12097811900.00,10132670200.00,22325130600.00,10809064400.00,12497074800.00,,,,,
Sub-Saharan Africa,SSF,Imports of goods and services (current LCU),NE.IMP.GNFS.CN,,,,,,,,,,,,,
Small states,SST,Imports of goods and services (current LCU),NE.IMP.GNFS.CN,,,,,,,,,,,,,
Sao Tome and Principe,STP,Imports of goods and services (current LCU),NE.IMP.GNFS.CN,,,,,,,,,,,,,
Suriname,SUR,Imports of goods and services (current LCU),NE.IMP.GNFS.CN,5068000000.00,4659000000.00,4607000000.00,,,,,,,,,,
Slovak Republic,SVK,Imports of goods and services (current LCU),NE.IMP.GNFS.CN,56191328000.00,43716075000.00,52858588000.00,60040660000.00,62840874000.00,65441163000.00,66114076000.00,70943293000.00,73565173000.00,78571359000.00,84411100000.00,86738477000.00,
Slovenia,SVN,Imports of goods and services (current LCU),NE.IMP.GNFS.CN,25948106400.00,20251126200.00,22988048000.00,25581812000.00,25193429400.00,25350299300.00,26117448600.00,26865504600.00,28024192900.00,31795822800.00,34792496000.00,36148585100.00,
Sweden,SWE,Imports of goods and services (current LCU),NE.IMP.GNFS.CN,1483550000000.00,1271480000000.00,1414050000000.00,1510540000000.00,1506770000000.00,1463660000000.00,1583810000000.00,1702360000000.00,1749640000000.00,1905540000000.00,2097810000000.00,2182820000000.00,
Eswatini,SWZ,Imports of goods and services (current LCU),NE.IMP.GNFS.CN,16338205100.00,17526003900.00,19561515600.00,16077723600.00,17240435500.00,20537453100.00,21354080100.00,21225568400.00,23908146500.00,25990548800.00,27389136700.00,,
Sint Maarten (Dutch part),SXM,Imports of goods and services (current LCU),NE.IMP.GNFS.CN,,,,1736400000.00,1838100000.00,2125800000.00,2333500000.00,2031300000.00,2026000000.00,1841600000.00,,,
Seychelles,SYC,Imports of goods and services (current LCU),NE.IMP.GNFS.CN,10256227500.00,13496926000.00,12650977400.00,14698756200.00,17010000000.00,14733300000.00,16989900700.00,15793691100.00,17663162600.00,20954691700.00,21677898135.00,20587053784.00,
Syrian Arab Republic,SYR,Imports of goods and services (current LCU),NE.IMP.GNFS.CN,,,,,,,,,,,,,
Turks and Caicos Islands,TCA,Imports of goods and services (current LCU),NE.IMP.GNFS.CN,,,,,,,,,,,,,
Chad,TCD,Imports of goods and services (current LCU),NE.IMP.GNFS.CN,1742780000000.00,1833870000000.00,2298540000000.00,2397940000000.00,2658770000000.00,2500450000000.00,2923030000000.00,2367050000000.00,2214190000000.00,2305420000000.00,2373130000000.00,2507850000000.00,
East Asia & Pacific (IDA & IBRD countries),TEA,Imports of goods and services (current LCU),NE.IMP.GNFS.CN,,,,,,,,,,,,,
Europe & Central Asia (IDA & IBRD countries),TEC,Imports of goods and services (current LCU),NE.IMP.GNFS.CN,,,,,,,,,,,,,
Togo,TGO,Imports of goods and services (current LCU),NE.IMP.GNFS.CN,746233000000.00,797940000000.00,905544000000.00,1176530000000.00,1170810000000.00,1414830000000.00,1304490000000.00,1429020000000.00,1422330000000.00,1223910000000.00,1258170000000.00,1330860000000.00,
Thailand,THA,Imports of goods and services (current LCU),NE.IMP.GNFS.CN,6699780000000.00,5295930000000.00,6567500000000.00,7781470000000.00,8492420000000.00,8432450000000.00,8270440000000.00,7861680000000.00,7806460000000.00,8397740000000.00,9169690000000.00,8533780000000.00,
Tajikistan,TJK,Imports of goods and services (current LCU),NE.IMP.GNFS.CN,14248000000.00,12688000000.00,14467000000.00,19046000000.00,23831000000.00,24414000000.00,20444000000.00,20448000000.00,22902000000.00,25043000000.00,,,
Turkmenistan,TKM,Imports of goods and services (current LCU),NE.IMP.GNFS.CN,18477000000.00,33339000000.00,32798000000.00,42712000000.00,50611000000.00,54464000000.00,54968000000.00,57167000000.00,50505000000.00,41292000000.00,17829000000.00,,
Latin America & the Caribbean (IDA & IBRD countries),TLA,Imports of goods and services (current LCU),NE.IMP.GNFS.CN,,,,,,,,,,,,,
Timor-Leste,TLS,Imports of goods and services (current LCU),NE.IMP.GNFS.CN,816519379.10,1079648923.00,1109758399.00,1400720992.00,1408616799.00,1033511655.00,1131439272.00,906920957.80,937617408.70,871240447.20,945341851.30,,
Middle East & North Africa (IDA & IBRD countries),TMN,Imports of goods and services (current LCU),NE.IMP.GNFS.CN,,,,,,,,,,,,,
Tonga,TON,Imports of goods and services (current LCU),NE.IMP.GNFS.CN,345060100.00,420338600.00,429421000.00,475005700.00,486427000.00,488997300.00,461977600.00,547623800.00,602600000.00,668600000.00,750100000.00,,
South Asia (IDA & IBRD),TSA,Imports of goods and services (current LCU),NE.IMP.GNFS.CN,,,,,,,,,,,,,
Sub-Saharan Africa (IDA & IBRD countries),TSS,Imports of goods and services (current LCU),NE.IMP.GNFS.CN,,,,,,,,,,,,,
Trinidad and Tobago,TTO,Imports of goods and services (current LCU),NE.IMP.GNFS.CN,,,,,,,,,,,,,
Tunisia,TUN,Imports of goods and services (current LCU),NE.IMP.GNFS.CN,32440300000.00,28151600000.00,34460400000.00,36113900000.00,40794900000.00,42443900000.00,45205300000.00,43691800000.00,46127300000.00,54849600000.00,65475100000.00,69109400000.00,
Turkey,TUR,Imports of goods and services (current LCU),NE.IMP.GNFS.CN,269388000000.00,233399000000.00,295228000000.00,423928000000.00,448580000000.00,508132000000.00,565290000000.00,606971000000.00,648233000000.00,910939000000.00,1140680000000.00,1274710000000.00,
Tuvalu,TUV,Imports of goods and services (current LCU),NE.IMP.GNFS.CN,,,,,,,,,,,,,
Tanzania,TZA,Imports of goods and services (current LCU),NE.IMP.GNFS.CN,9888670000000.00,9729180000000.00,12525100000000.00,18639000000000.00,19940400000000.00,21614700000000.00,22539800000000.00,22316200000000.00,20665200000000.00,20320700000000.00,,,
Uganda,UGA,Imports of goods and services (current LCU),NE.IMP.GNFS.CN,7833820000000.00,13797000000000.00,13228800000000.00,17420000000000.00,19558300000000.00,19926900000000.00,17436700000000.00,22723300000000.00,18885200000000.00,21894500000000.00,26029400000000.00,34248500000000.00,
Ukraine,UKR,Imports of goods and services (current LCU),NE.IMP.GNFS.CN,497387000000.00,419302000000.00,551402000000.00,733526000000.00,791844000000.00,764730000000.00,826764000000.00,1097850000000.00,1341120000000.00,1662130000000.00,1919860000000.00,1947600000000.00,
Upper middle income,UMC,Imports of goods and services (current LCU),NE.IMP.GNFS.CN,,,,,,,,,,,,,
Uruguay,URY,Imports of goods and services (current LCU),NE.IMP.GNFS.CN,222685000000.00,187885000000.00,204897000000.00,248494000000.00,303425000000.00,310664000000.00,339878000000.00,332667000000.00,315975000000.00,312995000000.00,347695000000.00,381476000000.00,
United States,USA,Imports of goods and services (current LCU),NE.IMP.GNFS.CN,2560140000000.00,1978450000000.00,2360180000000.00,2682460000000.00,2759850000000.00,2764210000000.00,2879360000000.00,2786650000000.00,2739420000000.00,2932060000000.00,3148460000000.00,3136140000000.00,
Uzbekistan,UZB,Imports of goods and services (current LCU),NE.IMP.GNFS.CN,15034300000000.00,16792900000000.00,14618200000000.00,19458500000000.00,24192900000000.00,29239800000000.00,32271300000000.00,31756600000000.00,36061800000000.00,72239100000000.00,156908000000000.00,214043000000000.00,
St. Vincent and the Grenadines,VCT,Imports of goods and services (current LCU),NE.IMP.GNFS.CN,1163206500.00,1047717800.00,1050840000.00,1016820000.00,1085670000.00,,,,,,,,
"Venezuela, RB",VEN,Imports of goods and services (current LCU),NE.IMP.GNFS.CN,142344000000.00,144631000000.00,179029000000.00,267359000000.00,396312000000.00,662811000000.00,951719000000.00,,,,,,
British Virgin Islands,VGB,Imports of goods and services (current LCU),NE.IMP.GNFS.CN,,,,,,,,,,,,,
Virgin Islands (U.S.),VIR,Imports of goods and services (current LCU),NE.IMP.GNFS.CN,18172000000.00,10595000000.00,12365000000.00,14271000000.00,3114000000.00,2755000000.00,3029000000.00,3029000000.00,3029000000.00,3029000000.00,,,
Vietnam,VNM,Imports of goods and services (current LCU),NE.IMP.GNFS.CN,1357170000000000.00,1304350000000000.00,1730900000000000.00,2321860000000000.00,2483570000000000.00,2920030000000000.00,3273530000000000.00,3731150000000000.00,4100290000000000.00,4945460000000000.00,5679500000000000.00,6254980000000000.00,
Vanuatu,VUT,Imports of goods and services (current LCU),NE.IMP.GNFS.CN,35497000000.00,36647000000.00,35816000000.00,35412000000.00,36815000000.00,38884000000.00,39073000000.00,,,,,,
World,WLD,Imports of goods and services (current LCU),NE.IMP.GNFS.CN,,,,,,,,,,,,,
Samoa,WSM,Imports of goods and services (current LCU),NE.IMP.GNFS.CN,780497100.00,822882400.00,877919200.00,945219000.00,1004964400.00,908582300.00,979025200.00,948845300.00,1024226900.00,995014948.50,1058899219.00,1183319117.00,
Kosovo,XKX,Imports of goods and services (current LCU),NE.IMP.GNFS.CN,2107100000.00,2114200000.00,2443100000.00,2792400000.00,2726600000.00,2645500000.00,2851600000.00,2926300000.00,3090600000.00,3369400000.00,3738100000.00,3968800000.00,
"Yemen, Rep.",YEM,Imports of goods and services (current LCU),NE.IMP.GNFS.CN,,,,,,,,,,,,,
South Africa,ZAF,Imports of goods and services (current LCU),NE.IMP.GNFS.CN,882309000000.00,689771000000.00,752233000000.00,896566000000.00,1014420000000.00,1177770000000.00,1254470000000.00,1274260000000.00,1310210000000.00,1319110000000.00,1440880000000.00,1490320000000.00,
Zambia,ZMB,Imports of goods and services (current LCU),NE.IMP.GNFS.CN,20485890700.00,20783797600.00,30015400000.00,40758200000.00,51219400000.00,66758600000.00,68894300000.00,86511600000.00,83487053900.00,90110592700.00,101625000000.00,104092000000.00,
Zimbabwe,ZWE,Imports of goods and services (current LCU),NE.IMP.GNFS.CN,3005097200.00,4088721400.00,6440274000.00,7708917000.00,8386153400.00,7000435600.00,6578074800.00,7503864600.00,6426700400.00,6693882200.00,7537739100.00,,
